Filename,URL,Caption,Hashtags,Mentions
0.jpg,https://scontent-zrh1-1.cdninstagram.com/v/t51.29350-15/399664777_318373904240294_4734030186668970093_n.heic?stp=dst-jpg_e35_s1080x1080&_nc_ht=scontent-zrh1-1.cdninstagram.com&_nc_cat=102&_nc_ohc=bLQ8daz5PFAQ7kNvgGbv_M6&edm=AA0rjkIBAAAA&ccb=7-5&oh=00_AYCrTTdmNWfnwsQzYSL5dPA7_DDL9ylSnbJBqdEFgNPZdA&oe=66641C0F&_nc_sid=49ed71,"The hope of the ungodly is like thistledown carried by the wind,\nand like a light frost driven away by a storm;\nit is dispersed like smoke before the wind,\nand it passes like the remembrance of a guest who stays but a day.\n\nBut the righteous live forever,\nand their reward is with the Lord;\nthe Most High takes care of them.\nTherefore they will receive a glorious crown\nand a beautiful diadem from the hand of the Lord,\nbecause with his right hand he will cover them,\nand with his arm he will shield them.\n-- Wisdom 5:1‚Äì5, 14‚Äì16\n\nThe choice between standing in the rain and yelling at a closed door, and being with my friends inside a space of love and safety, is an easy one. \n\n#genderaffirming\n#openchristian\n#radicalchristian\n#transchristian\n#gaychristian\n#proudally\n#christianally\n#lgbtq","openchristian, christianally, radicalchristian, gaychristian, transchristian, genderaffirming, proudally, lgbtq",
1.jpg,https://scontent-zrh1-1.cdninstagram.com/v/t51.29350-15/280650936_728322761860242_6088729094288342316_n.webp?stp=dst-jpg_e35&_nc_ht=scontent-zrh1-1.cdninstagram.com&_nc_cat=106&_nc_ohc=iKuplBQun4gQ7kNvgFgoMZT&edm=AA0rjkIBAAAA&ccb=7-5&oh=00_AYDEzfwNi9yFymdm8I74tbX5Q0ZAWpGkSj91NmonoVqPkg&oe=6663FC5C&_nc_sid=49ed71,"This week a statement opposing same sex marriage was blocked by bishops in the Anglican Church of Australia's equivalent of parliament. This was in response to two churches who successfully blessed same sex marriage. The statement was designed to prevent that in the future.\n\nThe conservatives who have their own sub-faction called #GAFCON wrote a response about how they literally cried at the decision. GAFCON have previously made headlines for publicly endorsing laws that would see gay people face death in Uganda. Cool and normal /s.\n\nThe @sydneyanglicans shared the news on Facebook and most of the comments were about wanting to publicly name and shame those who voted against the conservative statement on marriage. Also cool and normal /s. \n\nThe Sydney Anglicans and GAFCON members struggle to understand that there are faithful Christians who affirm same sex marriage. They'll either split off from the rest (good riddance) or stick around and continue to throw tantrums.\n\nIt's also worth noting that the Sydney Anglicans are massive hypocrites. They keep referring to Matthew 19 being the definition of marriage, however in 2018 they moved a motion to widen the scope of acceptable divorce within the church. They went beyond Matthew 19 which only allows for sexual unfaithfulness and expanded that to include spousal abuse. That was a good decision to protect suffering people (albeit way too late), but nevertheless is an expansion of the text that they love so much. So if they could do it then, they could do it now for same sex couples.\n\n.\n.\n#deconstruction #exvangelical #deconstructingfaith #deconstructing #openchristian #affirming #affirmingchurch #christianity #sydneyanglicans #anglican","christianity, anglican, openchristian, affirmingchurch, GAFCON, deconstructingfaith, exvangelical, deconstruction, deconstructing, affirming, sydneyanglicans",sydneyanglicans
2.jpg,https://scontent-zrh1-1.cdninstagram.com/v/t51.29350-15/179525613_528147745014874_8502255219094217949_n.jpg?stp=dst-jpg_e35&_nc_ht=scontent-zrh1-1.cdninstagram.com&_nc_cat=110&_nc_ohc=yGWIOiFw1sIQ7kNvgHsjtUp&edm=AA0rjkIBAAAA&ccb=7-5&oh=00_AYA06w6h_uwtQaskdiYdpdioR0dwoFZ-9dDLoWSiazZH7g&oe=66600B5D&_nc_sid=49ed71,Episode 10 ‚Äî it‚Äôs arriving to your favorite platform at 5am EST!,,
3.jpg,https://scontent-zrh1-1.cdninstagram.com/v/t51.29350-15/176310699_462968234967670_3300538443241076117_n.jpg?stp=dst-jpg_e35&_nc_ht=scontent-zrh1-1.cdninstagram.com&_nc_cat=110&_nc_ohc=JbK6JyhNR9wQ7kNvgGosA8T&edm=AA0rjkIBAAAA&ccb=7-5&oh=00_AYAZYHc5g05ASWFqFc9Zot3FoRV-qAFUAhjlYMv-vbrtbg&oe=6663E6B9&_nc_sid=49ed71,New cover art will be rolling out soon üòç,,
4.jpg,https://scontent-zrh1-1.cdninstagram.com/v/t51.29350-15/176010057_489126848947917_2916750706694273346_n.jpg?stp=dst-jpg_e35&_nc_ht=scontent-zrh1-1.cdninstagram.com&_nc_cat=109&_nc_ohc=IrLeVRg1rWEQ7kNvgHGm0pu&edm=AA0rjkIBAAAA&ccb=7-5&oh=00_AYDBogGLbUNaeQ2rpLoD113RTdjcT5GYRRc8lyxZZ_BdeA&oe=66641427&_nc_sid=49ed71,Amanda has been waiting her WHOLE LIFE to share this hot take. Tune in to Episode 9 tomorrow to hear all about the badass feminist that is the Proverbs 31 woman!,,
5.jpg,https://scontent-zrh1-1.cdninstagram.com/v/t51.29350-15/173991056_167969311862481_9086226562507653730_n.jpg?stp=dst-jpg_e35&_nc_ht=scontent-zrh1-1.cdninstagram.com&_nc_cat=109&_nc_ohc=hTUAaXeSDuAQ7kNvgGN9e6U&edm=AA0rjkIBAAAA&ccb=7-5&oh=00_AYChkzr-ap-DDqr2WP3ISl21kG47BT6ULQnzoWlqtNM2RA&oe=66641083&_nc_sid=49ed71,"Ep. 8 - CHAIRS and COUPLE = love?\n\nIf you tune in to today‚Äôs episode, these are the bookmarks we‚Äôre talking about üòÖ",,
6.jpg,https://scontent-zrh1-1.cdninstagram.com/v/t51.2885-15/173362468_1182793058828219_6344455052598206140_n.jpg?stp=dst-jpg_e15_fr_s1080x1080&_nc_ht=scontent-zrh1-1.cdninstagram.com&_nc_cat=111&_nc_ohc=b_mB-Qze4S8Q7kNvgEzfVEu&edm=AA0rjkIBAAAA&ccb=7-5&oh=00_AYB9S84eMNxMiD4sOdV0-mH_3hgWjaPRB__qOSskTH5ilA&oe=66600FBF&_nc_sid=49ed71,New podcast episode out tomorrow! This one will tackle 1 Corinthians!\n.\n.\n.\n#1corinthians #biblefacts #bible #biblestudy #gayandchristian #podcast #christianpodcast #affirmingchristian #openchristian #openchristianity #progressivechristian #progressivechristianity,"bible, gayandchristian, christianpodcast, openchristian, openchristianity, biblefacts, podcast, progressivechristian, biblestudy, 1corinthians, affirmingchristian, progressivechristianity",
7.jpg,https://scontent-zrh1-1.cdninstagram.com/v/t51.29350-15/170978068_1202753736826333_5115526298547562370_n.jpg?stp=dst-jpg_e35_s1080x1080&_nc_ht=scontent-zrh1-1.cdninstagram.com&_nc_cat=101&_nc_ohc=pZhdICcZgYcQ7kNvgGmHwV8&edm=AA0rjkIBAAAA&ccb=7-5&oh=00_AYCCbAm5RG4wVcPNlh2hsTC0yEI5U6mR2iKbP4fmMqth5A&oe=66641ABD&_nc_sid=49ed71,Do you know someone who says they‚Äôre a Christian but they don‚Äôt behave like Christ in even the slightest way?\n\nWe‚Äôre coming for them tomorrow üòâ,,
8.jpg,https://scontent-zrh1-1.cdninstagram.com/v/t51.29350-15/168836803_480053806436822_4029177654308942586_n.jpg?stp=dst-jpg_e35&_nc_ht=scontent-zrh1-1.cdninstagram.com&_nc_cat=102&_nc_ohc=Qs9ShBQTslcQ7kNvgFvOToA&edm=AA0rjkIBAAAA&ccb=7-5&oh=00_AYAR9ZyenvPdIpDZvZvRWvaSl4HByagVvPKk39tf-tXQaw&oe=666402D3&_nc_sid=49ed71,We‚Äôre partway through season two üíú and new episodes are STILL dropping every Friday! \n\nBe sure to subscribe and download our episodes for your Friday commute (from your bed to your WFH desk if you‚Äôre still working from home üòâ),,
9.jpg,https://scontent-zrh1-1.cdninstagram.com/v/t51.29350-15/162880354_4004401879620043_7724304009381304258_n.jpg?stp=dst-jpg_e35&_nc_ht=scontent-zrh1-1.cdninstagram.com&_nc_cat=107&_nc_ohc=dDMDShdfML8Q7kNvgFJbggJ&edm=AA0rjkIBAAAA&ccb=7-5&oh=00_AYANJ68joOWG9bStZGSYYKiS5UFoKsMSuyNg6QkkdmpmBQ&oe=665FF60E&_nc_sid=49ed71,Repost from @queerchristianfamilyvalues\n‚Ä¢\nClip from our upcoming ‚ÄúEpisode Zero: Where have we been?!‚Äù. @andrewharrisoncox and @mralexburchnell discuss what they‚Äôve been up to during the hiatus and you will get an idea of what to expect for the season. Subscribe to the show by searching ‚ÄúQueer Christian Family Values‚Äù wherever you listen!\n.\n.\n.\n#itsgay #thetea #hermeneutics #centurion #jesus #christian #progressive #openchristian #openchristianity #progressivechristian #progressivechristianity #lgbtchristian #lgbtqchristian #podcast #queerpodcast,"hermeneutics, itsgay, centurion, openchristian, openchristianity, podcast, progressivechristian, progressivechristianity, christian, lgbtchristian, queerpodcast, lgbtqchristian, jesus, progressive, thetea","mralexburchnell, queerchristianfamilyvalues, andrewharrisoncox"
10.jpg,https://scontent-zrh1-1.cdninstagram.com/v/t51.2885-15/162268670_266179698346876_5201794741678543679_n.jpg?stp=dst-jpg_e15_fr_s1080x1080&_nc_ht=scontent-zrh1-1.cdninstagram.com&_nc_cat=104&_nc_ohc=ycHXO3WbazEQ7kNvgFbriQd&edm=AA0rjkIBAAAA&ccb=7-5&oh=00_AYCAFclkooBwdxLdC8NgYLyTxl1rhVFKUnZafnGuYkgS_A&oe=66601773&_nc_sid=49ed71,Clip from our upcoming ‚ÄúEpisode Zero: Where have we been?!‚Äù. @andrewharrisoncox and @mralexburchnell discuss what they‚Äôve been up to during the hiatus and you will get an idea of what to expect for the season. Subscribe to the show by searching ‚ÄúQueer Christian Family Values‚Äù wherever you listen!\n.\n.\n.\n#itsgay #thetea #hermeneutics #centurion #jesus #christian #progressive #openchristian #openchristianity #progressivechristian #progressivechristianity #lgbtchristian #lgbtqchristian #podcast #queerpodcast,"hermeneutics, itsgay, centurion, openchristian, openchristianity, podcast, progressivechristian, progressivechristianity, christian, lgbtchristian, queerpodcast, lgbtqchristian, jesus, progressive, thetea","mralexburchnell, andrewharrisoncox"
11.jpg,https://scontent-zrh1-1.cdninstagram.com/v/t51.29350-15/160685403_273027444391515_5837853474405323478_n.jpg?stp=dst-jpg_e35_s1080x1080&_nc_ht=scontent-zrh1-1.cdninstagram.com&_nc_cat=103&_nc_ohc=jxEtXpD6jaAQ7kNvgFKHYYr&edm=AA0rjkIBAAAA&ccb=7-5&oh=00_AYBZJTBQU7oaYU7AWEvnvUqhyPK-CU3sHe3QczsPgxElPA&oe=6663F19C&_nc_sid=49ed71,"In Ep. 3, we talked about our first interactions with Psalm 23‚Äìwhen we learned it, how we understood it, what it meant to us as kids in church and what it means to us now. Spoiler alert: we still find this psalm to be pretty damn useful when it comes to grieving.",,
12.jpg,https://scontent-zrh1-1.cdninstagram.com/v/t51.29350-15/159480657_168000748370026_3538376209304373622_n.jpg?stp=dst-jpg_e35_s1080x1080&_nc_ht=scontent-zrh1-1.cdninstagram.com&_nc_cat=110&_nc_ohc=uDXiBOjfK3AQ7kNvgE9W1r4&edm=AA0rjkIBAAAA&ccb=7-5&oh=00_AYD0flrK5lKK1eRCHIKvfa6TE6EjBtoQP8dVEs8gK4bbZA&oe=66640FA2&_nc_sid=49ed71,"If I said ‚ÄúThe Death Psalm,‚Äù which Psalm would you think I was talking about? Share below üëáüèΩ",,
13.jpg,https://scontent-zrh1-1.cdninstagram.com/v/t51.29350-15/158811882_340127690756320_9159933393812539350_n.jpg?stp=dst-jpg_e35&_nc_ht=scontent-zrh1-1.cdninstagram.com&_nc_cat=104&_nc_ohc=-XBy2R_gEKUQ7kNvgHV7meh&edm=AA0rjkIBAAAA&ccb=7-5&oh=00_AYCsD896a8r34xUil9A6gJ4PU3hLTVQvkV9Q_Qrmeyskzw&oe=665FFDC8&_nc_sid=49ed71,Hittin‚Äô ya with that new-new stuff üéß \n\n#exvangelical #nondenom #christianity #churchlife #youthgroup #jesus #evangelical #openchristian #openandaffirming #sobap #religion #deconstruction #religiousdeconstruction #purityculture #lgbtq #lgbtqia #unchangedmovement #badtheologykills #podcast #religioustrauma #rts,"religioustrauma, badtheologykills, nondenom, podcast, jesus, sobap, lgbtqia, openchristian, purityculture, religiousdeconstruction, openandaffirming, rts, lgbtq, evangelical, religion, youthgroup, churchlife, unchangedmovement, exvangelical, deconstruction, christianity",
14.jpg,https://scontent-zrh1-1.cdninstagram.com/v/t51.29350-15/159228903_461868064960241_5281287282528731629_n.jpg?stp=dst-jpg_e35&_nc_ht=scontent-zrh1-1.cdninstagram.com&_nc_cat=105&_nc_ohc=8QpoJbrjEiUQ7kNvgG1jVko&edm=AA0rjkIBAAAA&ccb=7-5&oh=00_AYB-110Am04bob40iPR8QC-czEtdv9VMgoQfkmC_hb7K-w&oe=6663FCAB&_nc_sid=49ed71,"Love y‚Äôall ‚ô•Ô∏è we aren‚Äôt going anywhere, but we also haven‚Äôt ‚Äúbeen here‚Äù per se. Thanks for your attention!",,
15.jpg,https://scontent-zrh1-1.cdninstagram.com/v/t51.29350-15/149999452_237222938120328_5048792830721932654_n.jpg?stp=dst-jpg_e35_s1080x1080&_nc_ht=scontent-zrh1-1.cdninstagram.com&_nc_cat=100&_nc_ohc=Np2Pz5VdhVsQ7kNvgFZScbh&edm=AA0rjkIBAAAA&ccb=7-5&oh=00_AYByxMzeWvbTovkzyvq2ZKuuP5bTwC8ydAKoAULMNT5fmg&oe=6663EF2E&_nc_sid=49ed71,We are so excited to share that season two is OUT NOW! üëè\n\nVisit the link in bio to listen üéß,,
16.jpg,https://scontent-zrh1-1.cdninstagram.com/v/t51.29350-15/153563161_1776896539140443_6896339093842856876_n.jpg?stp=dst-jpg_e35&_nc_ht=scontent-zrh1-1.cdninstagram.com&_nc_cat=111&_nc_ohc=VJ0tHv2KZWUQ7kNvgFVNVoO&edm=AA0rjkIBAAAA&ccb=7-5&oh=00_AYDMNfkah7SzVp1yG5sFL39EcrPwQIOskwGLmrEkBsdIKA&oe=665FF92C&_nc_sid=49ed71,"While recording season two, we‚Äôve realized we memorized a lot of things before we truly understood them. Did this happen to you? Tell us below!",,
17.jpg,https://scontent-zrh1-1.cdninstagram.com/v/t51.29350-15/152782314_1102551720207267_4891428222516482126_n.jpg?stp=dst-jpg_e35&_nc_ht=scontent-zrh1-1.cdninstagram.com&_nc_cat=103&_nc_ohc=NrSJ6zIGETgQ7kNvgHVPv_c&edm=AA0rjkIBAAAA&ccb=7-5&oh=00_AYDW3Rff5P_No1PJ6bDx8EyXhB5gGv0A2Dnkh8avupZChQ&oe=6663F7F5&_nc_sid=49ed71,"Our new season starts this Friday üíú Before dropping that episode, Christina and Amanda had a chance to talk about what they‚Äôve enjoyed from recording‚Äîand these are their answers.",,
18.jpg,https://scontent-zrh1-1.cdninstagram.com/v/t51.29350-15/150675903_350556282720590_4633976596657926160_n.jpg?stp=dst-jpg_e35_s1080x1080&_nc_ht=scontent-zrh1-1.cdninstagram.com&_nc_cat=102&_nc_ohc=NXVQEN3fUlUQ7kNvgEkrrCM&edm=AA0rjkIBAAAA&ccb=7-5&oh=00_AYCaMzZWUUVStGDFARhof70_W7pTSJ9HVFI_fszMiNZDgQ&oe=6664104B&_nc_sid=49ed71,"‚ú® We have a release date ‚ú®\n\nWe‚Äôve been hard at work on season two ü§ó in the meantime, we want to know‚Äîwhat was your favorite episode from season one?!",,
19.jpg,https://scontent-zrh1-1.cdninstagram.com/v/t51.29350-15/132429018_757560081781795_9213175588295328316_n.jpg?stp=dst-jpg_e35&_nc_ht=scontent-zrh1-1.cdninstagram.com&_nc_cat=107&_nc_ohc=70rcDR5d48wQ7kNvgEtQwCx&edm=AA0rjkIBAAAA&ccb=7-5&oh=00_AYAK-A9wq9eLihf1Hh_mzQJ1sH9ZGau14Cvk2TRzHshBKA&oe=665FFC17&_nc_sid=49ed71,"Season Two Trailer Drops Friday! (Think of it as a little Christmas gift if you celebrate.)\n\nThen, expect radio silence for the month of January. Amanda will be re-reading ‚ÄúAll That‚Äôs Good‚Äù by Hannah Anderson and deleting Instagram (just for a month!) IG content and the podcast will be back in February!",,
20.jpg,https://scontent-zrh1-1.cdninstagram.com/v/t51.29350-15/131889131_2745954278956581_8197892660322339114_n.jpg?stp=dst-jpg_e35&_nc_ht=scontent-zrh1-1.cdninstagram.com&_nc_cat=109&_nc_ohc=3JQn66-6nVgQ7kNvgHx173c&edm=AA0rjkIBAAAA&ccb=7-5&oh=00_AYA4YgME5rvAeX1SQhpRIL-BydHou8ePK1lv7C9SpL2r6Q&oe=6663FA13&_nc_sid=49ed71,"Ep. 16 - Religious Superiority is out NOW! It‚Äôs one of Amanda‚Äôs favorite episodes from this season, and it‚Äôs also the final episode of season one! üñ§ü§çüíú\nGive it a listen and stay tuned for our season two trailer dropping next week.",,
21.jpg,https://scontent-zrh1-1.cdninstagram.com/v/t51.29350-15/131579363_389322892176940_1229326067730195889_n.jpg?stp=dst-jpg_e35_s1080x1080&_nc_ht=scontent-zrh1-1.cdninstagram.com&_nc_cat=104&_nc_ohc=aRt-RqMKlk0Q7kNvgFAdgaG&edm=AA0rjkIBAAAA&ccb=7-5&oh=00_AYCRS6N-SyEOUWE7FcE24Rx1n4F5ab9DRB1GhcVGWNd74A&oe=6663E87A&_nc_sid=49ed71,"That‚Äôs a wrap folks üé¨ our final episode of Season 1 drops tomorrow, and it‚Äôs ALL about religious superiority.\nDid your church or denomination ever present itself as superior to other denominations (or religions)? Tell us about it below!",,
22.jpg,https://scontent-zrh1-1.cdninstagram.com/v/t51.29350-15/131233735_140439244310657_5701318660064978492_n.jpg?stp=dst-jpg_e35&_nc_ht=scontent-zrh1-1.cdninstagram.com&_nc_cat=105&_nc_ohc=3tSeX1F8Ko8Q7kNvgG-Zntn&edm=AA0rjkIBAAAA&ccb=7-5&oh=00_AYA7lgCof3XU6OhMXZQKFwrsDoY-HJVvAApZmjXLTlXQlw&oe=66601A9E&_nc_sid=49ed71,"That‚Äôs right, folks! Season One (an intro to our experiences in the church) is coming to a close THIS WEEK.\n\nWe‚Äôre taking a few weeks to rest then continuing to record Season Two: A Critical Look at the Bible. \n\nWe are two liberal studies majors who are STOKED to read and research this ancient text and apply historic, cultural, and feminist lenses to it. Let us know if there are any topics or chapters you want us to hit up first!",,
23.jpg,https://scontent-zrh1-1.cdninstagram.com/v/t51.29350-15/130478531_1353485568333290_8310263749855888146_n.jpg?stp=dst-jpg_e35&_nc_ht=scontent-zrh1-1.cdninstagram.com&_nc_cat=102&_nc_ohc=Wdb8EAunvxsQ7kNvgHCO0g8&edm=AA0rjkIBAAAA&ccb=7-5&oh=00_AYByOx1sDGdWyrcPo8mm4fBQg5Yc6NPPt5gwbyqZiSDNSA&oe=666401C2&_nc_sid=49ed71,Ep. 15 - üí∞ üíµ üí∏\nHave you listened yet? Link in bio!,,
24.jpg,https://scontent-zrh1-1.cdninstagram.com/v/t51.29350-15/130473927_214044703463968_3676285555479612677_n.jpg?stp=dst-jpg_e35_s1080x1080&_nc_ht=scontent-zrh1-1.cdninstagram.com&_nc_cat=104&_nc_ohc=L0pilRk26IsQ7kNvgHtkc1b&edm=AA0rjkIBAAAA&ccb=7-5&oh=00_AYClZ3Q2n7txn74yZLyw677WnOhleR3KD-NXNgaoH1xqcA&oe=6663F042&_nc_sid=49ed71,"üíú New Episode Drops Tomorrow üíú\nWe have TWO episodes remaining in this season! Listen to us talk about money, tithing, and giving to charity tomorrow wherever podcasts are found!",,
25.jpg,https://scontent-zrh1-1.cdninstagram.com/v/t51.29350-15/130444074_436724740684723_4935818598728225842_n.jpg?stp=dst-jpg_e35&_nc_ht=scontent-zrh1-1.cdninstagram.com&_nc_cat=107&_nc_ohc=fNm3-rh37YwQ7kNvgGNS8tW&edm=AA0rjkIBAAAA&ccb=7-5&oh=00_AYCfDaxNqNtQfbg8MUe42J7xCZTuzwZVh1YKPlEmoXLAJg&oe=665FF21D&_nc_sid=49ed71,"Interacting with us on social media AND streaming platforms helps others find us! Please remember to rate, review, and subscribe to our podcast wherever you listen üéß",,
26.jpg,https://scontent-zrh1-1.cdninstagram.com/v/t51.29350-15/130310017_501412760797808_7784281482416719887_n.jpg?stp=dst-jpg_e35&_nc_ht=scontent-zrh1-1.cdninstagram.com&_nc_cat=108&_nc_ohc=DWNHNRENMAMQ7kNvgF833WK&edm=AA0rjkIBAAAA&ccb=7-5&oh=00_AYAwoCU5VcrfE9lkjZr6uddmKki5IJcthqnlUVSi9iXYmg&oe=666401F5&_nc_sid=49ed71,"Ep. 14 - We‚Äôre a few days late and a couple quotes short, and THAT‚ÄôS how you know it‚Äôs almost finals week. Full quotes will be coming your way for our next episode üòâ",,
27.jpg,https://scontent-zrh1-1.cdninstagram.com/v/t51.29350-15/129725250_420199095820956_4209809909832035181_n.jpg?stp=dst-jpg_e35_s1080x1080&_nc_ht=scontent-zrh1-1.cdninstagram.com&_nc_cat=100&_nc_ohc=CwNTV23PIsAQ7kNvgGmyPbc&edm=AA0rjkIBAAAA&ccb=7-5&oh=00_AYCeYgg6l5VKzV7SatqaG26P6ZoNIC8Pcs8v-liYZphbww&oe=6664024B&_nc_sid=49ed71,"Ep. 14 drops tomorrow and it‚Äôs perfect for seminary drop outs, ex-youth-pastor-wannabes, and anyone who went to school to study the Bible because they felt pressured to.\nüñ§\nDo you believe God or a higher power has a plan or purpose for your life? Share in the comments below!",,
28.jpg,https://scontent-zrh1-1.cdninstagram.com/v/t51.29350-15/127164685_194108122201666_3937310372678624897_n.jpg?stp=dst-jpg_e35&_nc_ht=scontent-zrh1-1.cdninstagram.com&_nc_cat=110&_nc_ohc=bpXc4PGGLw0Q7kNvgEGVKq0&edm=AA0rjkIBAAAA&ccb=7-5&oh=00_AYAKqmbW9u19sY0VQv76kUqDdH22_7EePYPaogywAllvZw&oe=666402DA&_nc_sid=49ed71,Ep. 13 is all about volunteering or working at a church or para-church organization (like a summer camp) aaaaaand mission trips (big ooof.) Have you listened yet?! Let us know what you think! üíú,,
29.jpg,https://scontent-zrh1-1.cdninstagram.com/v/t51.29350-15/127319752_3918982201487518_5011268835189669420_n.jpg?stp=dst-jpg_e35_s1080x1080&_nc_ht=scontent-zrh1-1.cdninstagram.com&_nc_cat=110&_nc_ohc=1kDYqWU_vaUQ7kNvgHRfcWr&edm=AA0rjkIBAAAA&ccb=7-5&oh=00_AYC2Uo1TOLAPUwFRVvo0Sjqr0Gf23s5i6Mfu2rAP-CuPaw&oe=6663FB93&_nc_sid=49ed71,We got a little busy watching tv and eating turkey yesterday and forgot to announce our new episode...which is out! Right now! Go listen and tell us what you think üíñüíú,,
30.jpg,https://scontent-zrh1-1.cdninstagram.com/v/t51.29350-15/127985214_286455676135284_5315208293766946911_n.jpg?stp=dst-jpg_e35&_nc_ht=scontent-zrh1-1.cdninstagram.com&_nc_cat=100&_nc_ohc=QEYyQZQOT94Q7kNvgGhVgD1&edm=AA0rjkIBAAAA&ccb=7-5&oh=00_AYALFtjvJ9L5CzQrgazXAaOE1CrnacbpHFgGsckPjjYP0Q&oe=66602160&_nc_sid=49ed71,"Today is a complicated day for anyone who is aware of the United States‚Äô colonialism throughout history. This  history of bloodshed and colonization is not worth celebrating, yet today among all other days is a day to practice gratitude. \n\nToday we ask you to acknowledge the stolen land you live on (@nativelandnet / native-land.ca is a great resource) and practice gratitude for what you have that is keeping your spirits up in this exhausting year.",,nativelandnet
31.jpg,https://scontent-zrh1-1.cdninstagram.com/v/t51.29350-15/126055272_122513002809984_3311745555866243106_n.jpg?stp=dst-jpg_e35&_nc_ht=scontent-zrh1-1.cdninstagram.com&_nc_cat=100&_nc_ohc=WAnkoCILDG0Q7kNvgEd_FO-&edm=AA0rjkIBAAAA&ccb=7-5&oh=00_AYA_tNokRVQbJjydD9BApGkL_fvz32KDAaqwpe9e1NxkgQ&oe=66641BDF&_nc_sid=49ed71,"Ep. 12 - The Destructive Side Effects of Purity Culture is out now, and this week you get THREE quotes to peruse before listening üíú CW: we DO get into r*pe culture in this episode, so be prepared.",,
32.jpg,https://scontent-zrh1-1.cdninstagram.com/v/t51.29350-15/125920314_469770447327641_3873901979668790200_n.jpg?stp=dst-jpg_e35_s1080x1080&_nc_ht=scontent-zrh1-1.cdninstagram.com&_nc_cat=105&_nc_ohc=LzgDQiO1vfUQ7kNvgHFrt-6&edm=AA0rjkIBAAAA&ccb=7-5&oh=00_AYA4RMFu8vMwmIIYBhZtNKez64vIIqP2J8LeFit0HmJ0fQ&oe=6663F8AE&_nc_sid=49ed71,"Ep. 12 - The Destructive Effects of Purity Culture is coming to you LIVE tomorrow! Thank you to all our listeners who sent in their stories üíó \nIf you didn‚Äôt get the chance to send us a voice message, you can share your purity culture baggage below if you feel comfortable with that üíº üíú",,
33.jpg,https://scontent-zrh1-1.cdninstagram.com/v/t51.29350-15/126214908_1064739710642759_2472013295158946414_n.jpg?stp=dst-jpg_e35&_nc_ht=scontent-zrh1-1.cdninstagram.com&_nc_cat=111&_nc_ohc=agUZBwd-W4oQ7kNvgHy5ctO&edm=AA0rjkIBAAAA&ccb=7-5&oh=00_AYBnLoSpLG8DjwJOc27P9YWYaGacv1078pBjSwcDwxCLPA&oe=665FFD88&_nc_sid=49ed71,This week we have an episode on ü•Å PURITY CULTURE ü•Å and how we see it contribute to r*pe culture.\nüíúüñ§ü§ç\nBuckle your seatbelts. It‚Äôs going to be a content-warning bumpy ride.,,
34.jpg,https://scontent-zrh1-1.cdninstagram.com/v/t51.29350-15/124924021_355209652242017_7372532921108933883_n.jpg?stp=dst-jpg_e35&_nc_ht=scontent-zrh1-1.cdninstagram.com&_nc_cat=105&_nc_ohc=e0m0RbeCP4UQ7kNvgHVCNdu&edm=AA0rjkIBAAAA&ccb=7-5&oh=00_AYCjWpp37w_jSpP71DYgFY4wJqD3DDPlEppg1SZWAcv98Q&oe=6663F9D2&_nc_sid=49ed71,Have you listened to episode 11 yet? üè≥Ô∏è‚Äçüåà‚úùÔ∏èüè≥Ô∏è‚Äçüåà,,
35.jpg,https://scontent-zrh1-1.cdninstagram.com/v/t51.29350-15/125061861_830869137481897_521026117441591587_n.jpg?stp=dst-jpg_e35_s1080x1080&_nc_ht=scontent-zrh1-1.cdninstagram.com&_nc_cat=101&_nc_ohc=4pEYpvXAZa8Q7kNvgEIL33Z&edm=AA0rjkIBAAAA&ccb=7-5&oh=00_AYCT-dI1QeLe7edFOyxVPCU3ZWDS5nIPl2TxOeXsmEnrRw&oe=6663EC5C&_nc_sid=49ed71,Tomorrow‚Äôs episode is a bit of a doozy‚Äîyou might cry. I know we almost did. \n‚ù§Ô∏èüß°üíõüíöüíôüíúüñ§ü§éü§çüíñ,,
36.jpg,https://scontent-zrh1-1.cdninstagram.com/v/t51.29350-15/124305164_3676107145779056_2319141394206269104_n.jpg?stp=dst-jpg_e35&_nc_ht=scontent-zrh1-1.cdninstagram.com&_nc_cat=108&_nc_ohc=5QIGl9ZWwokQ7kNvgEzBEKe&edm=AA0rjkIBAAAA&ccb=7-5&oh=00_AYBskPEorNiiApm-bxUFjoxV78m2GzdCpdhde19CJ56uzg&oe=66602880&_nc_sid=49ed71,"Hey listeners! We recorded a bonus episode about the 2020 election. If you want to hear our thoughts on this momentous occasion, give it a listen wherever you get your podcasts.",,
37.jpg,https://scontent-zrh1-1.cdninstagram.com/v/t51.29350-15/124194405_355811475707485_6440555246661893638_n.jpg?stp=dst-jpg_e35&_nc_ht=scontent-zrh1-1.cdninstagram.com&_nc_cat=101&_nc_ohc=4f4poRfm4L8Q7kNvgGG1kjk&edm=AA0rjkIBAAAA&ccb=7-5&oh=00_AYCqk9DtpbAd91WkrvG553OuoqYSmpEyYfcH1RnBV0rkiQ&oe=66640DFC&_nc_sid=49ed71,"Ep. 10 was all about dating experiences within the church, along with a dissection of what it means to be ‚Äúequally yoked.‚Äù \n\nHave you given it a listen? We‚Äôd love to hear your thoughts!",,
38.jpg,https://scontent-zrh1-1.cdninstagram.com/v/t51.29350-15/123588869_168973121526537_7463670065811567257_n.jpg?stp=dst-jpg_e35_s1080x1080&_nc_ht=scontent-zrh1-1.cdninstagram.com&_nc_cat=109&_nc_ohc=OmLIv37YXbcQ7kNvgE7-2od&edm=AA0rjkIBAAAA&ccb=7-5&oh=00_AYBQVk4pT3ir3fDfOxFC7pwrsbVWw7ICrsTH8B3rkQpEYQ&oe=66641D37&_nc_sid=49ed71,"We‚Äôve reached double digits, folks! Episode 10 comes out tomorrow and it‚Äôs all about dating experiences in the church. Trust us‚Äîthis one is full of juicy insults üßÄ \nüíúüñ§üíú\nDo you have any dating horror stories? Maybe you never dated anyone in the church, but what did you learn about being ‚Äúequally yoked‚Äù?",,
39.jpg,https://scontent-zrh1-1.cdninstagram.com/v/t51.29350-15/123026434_2476379522659157_8056522646162088000_n.jpg?stp=dst-jpg_e35&_nc_ht=scontent-zrh1-1.cdninstagram.com&_nc_cat=105&_nc_ohc=1ODIHgFI3vsQ7kNvgEVt51g&edm=AA0rjkIBAAAA&ccb=7-5&oh=00_AYDmb6hkoeEXvJb66ChpCsP-CzmQskl5j3EwjEl_PxsDGw&oe=6663F542&_nc_sid=49ed71,"Ep. 9 - Ghosts, Ghouls and the (Holy) Spirit Realm is here! \nüíú\nGet ghostly with us as we share our own ghost experiences, talk about witchy and demonic movies we couldn‚Äôt watch, and commiserate on the topic of possessions and Latin curses.",,
40.jpg,https://scontent-zrh1-1.cdninstagram.com/v/t51.29350-15/122801952_352143959224172_7542339187237058802_n.jpg?stp=dst-jpg_e35_s1080x1080&_nc_ht=scontent-zrh1-1.cdninstagram.com&_nc_cat=108&_nc_ohc=n4JZrAdPo9IQ7kNvgE_Ccig&edm=AA0rjkIBAAAA&ccb=7-5&oh=00_AYBC9gz_KooLbgOnBe9EKwLb_nxIsOdOCI5FmmgTNF26AQ&oe=66641BB6&_nc_sid=49ed71,We‚Äôre getting in the üéÉ spooky spirit üëª for Halloween! Ep. 9 drops tomorrow. Were you allowed to celebrate Halloween while growing up in the church? Tell us below!,,
41.jpg,https://scontent-zrh1-1.cdninstagram.com/v/t51.29350-15/122872780_268606141233393_8995858821955365771_n.jpg?stp=dst-jpg_e35&_nc_ht=scontent-zrh1-1.cdninstagram.com&_nc_cat=109&_nc_ohc=kJEVQhuXJIEQ7kNvgHEUyEV&edm=AA0rjkIBAAAA&ccb=7-5&oh=00_AYD-DPH0BPcccF-KQtl0_sPXGoG1iIWz-N-zMxmlPMgXKg&oe=665FFDB8&_nc_sid=49ed71,"We üíú it when you interact with us on #applepodcasts, @spotify, or wherever you get your podcasts!",applepodcasts,spotify
42.jpg,https://scontent-zrh1-1.cdninstagram.com/v/t51.29350-15/122460638_118478243365029_5903059311477333021_n.jpg?stp=dst-jpg_e35&_nc_ht=scontent-zrh1-1.cdninstagram.com&_nc_cat=109&_nc_ohc=cYcb6WBgyxYQ7kNvgEegegO&edm=AA0rjkIBAAAA&ccb=7-5&oh=00_AYBgnfUjJVnr1q7wFohGCc3ZD4iW26YrvSKtvCC9Mw030w&oe=66640796&_nc_sid=49ed71,Have you listened to Ep. 8 yet?! Here are our pull quotes üíúüñ§,,
43.jpg,https://scontent-zrh1-1.cdninstagram.com/v/t51.29350-15/122101561_374214540386737_5932819586490235278_n.jpg?stp=dst-jpg_e35_s1080x1080&_nc_ht=scontent-zrh1-1.cdninstagram.com&_nc_cat=101&_nc_ohc=dXvtwjztok0Q7kNvgG_EOaS&edm=AA0rjkIBAAAA&ccb=7-5&oh=00_AYAUyFVMQW-bTxw07ZaxuaG1HN5xKOgnH8xXgFIeD7ZYMA&oe=6663EC6C&_nc_sid=49ed71,How did your spiritual or religious life adapt or change in college/when you were first ‚Äúon your own?‚Äù Tell us below! üëáüèΩüëáüèºüëáüèøüëáüèæüëáüèª,,
44.jpg,https://scontent-zrh1-1.cdninstagram.com/v/t51.29350-15/122249469_368620267519942_1526672693771171265_n.jpg?stp=dst-jpg_e35&_nc_ht=scontent-zrh1-1.cdninstagram.com&_nc_cat=110&_nc_ohc=GsNaQXVnoxUQ7kNvgHk9sZm&edm=AA0rjkIBAAAA&ccb=7-5&oh=00_AYALnK7LgCaPJW8ztHAsmv8NzKt4XZbKR8DytNdfoPAYAA&oe=66641826&_nc_sid=49ed71,"We‚Äôre recording episodes 11 and 12 tomorrow and want to include your voices! Visit the link in our profile to share.\nüñ§\nWe‚Äôre looking for people willing to share their first hand experiences of purity culture (ep. 11) and homophobia (ep. 12) in church or church-adjacent spaces.\nüíú\nWant to remain anonymous? That‚Äôs totally cool‚Äîjust mention it in the message and we‚Äôll cut out your name when we edit it! Or don‚Äôt share your name at all. You choose what to share.\nüñ§\nAs always, we‚Äôre so thankful for you‚Äîour listeners. We can‚Äôt wait to share our hearts with you.",,
45.jpg,https://scontent-zrh1-1.cdninstagram.com/v/t51.29350-15/121729029_713509142842806_8455539510842331973_n.jpg?stp=dst-jpg_e35&_nc_ht=scontent-zrh1-1.cdninstagram.com&_nc_cat=106&_nc_ohc=Zfv3Zl05nXgQ7kNvgF31j-B&edm=AA0rjkIBAAAA&ccb=7-5&oh=00_AYCZXcYiL0EIcbObKXeKDLRAI63d2zqWMM4Ho96OKWxy2Q&oe=6663E959&_nc_sid=49ed71,"Ep. 7 - ‚ÄúThe Parentals‚Äù pull quotes are here! \nüíúüñ§\nAlso, a big thank you to our first one star rating. If there aren‚Äôt some haters, we aren‚Äôt doing our job right ü§∑‚Äç‚ôÄÔ∏è",,
46.jpg,https://scontent-zrh1-1.cdninstagram.com/v/t51.29350-15/121494210_125471985719420_6711662658322813414_n.jpg?stp=dst-jpg_e35_s1080x1080&_nc_ht=scontent-zrh1-1.cdninstagram.com&_nc_cat=108&_nc_ohc=kAxy3Fmt8jkQ7kNvgHrGlyP&edm=AA0rjkIBAAAA&ccb=7-5&oh=00_AYDluLVO233-r5Wpg0-vdKTUspxKd70HIASMlKTuU4WJ5A&oe=6663F642&_nc_sid=49ed71,Ep. 7 - ‚ÄúThe Parentals‚Äù drops tomorrow!\nüíú\nHow did your family shape your beliefs? Tell us below!\nüñ§\nAlso: our voice message box is still open! We‚Äôre looking for listeners to share their personal experiences with homophobia and/or purity culture in the church for inclusion on future episodes. Link in bio!,,
47.jpg,https://scontent-zrh1-1.cdninstagram.com/v/t51.29350-15/121279625_153616746440910_629953386203960246_n.jpg?stp=dst-jpg_e35&_nc_ht=scontent-zrh1-1.cdninstagram.com&_nc_cat=106&_nc_ohc=7TFnVQa-s3IQ7kNvgG75RrV&edm=AA0rjkIBAAAA&ccb=7-5&oh=00_AYCdBSe0E3rUWGCGiFKMkp4zJzwVT1ERQmNxCvP7xqciGQ&oe=666410E4&_nc_sid=49ed71,"Hi friends and followers! Have you been impacted by purity culture or homophobia in the church or a church-adjacent space? Visit our Anchor FM page and leave us a voice message about your experience‚Äîlink in bio. \n\nWe want to incorporate others‚Äô personal experiences in upcoming episodes on these topics. (Keep in mind: by leaving a voice message, you are consenting to having your message included in a future episode. If you want to remain anonymous, please don‚Äôt give us your name.)",,
48.jpg,https://scontent-zrh1-1.cdninstagram.com/v/t51.29350-15/120995010_382778349442036_8023826865147202645_n.jpg?stp=dst-jpg_e35&_nc_ht=scontent-zrh1-1.cdninstagram.com&_nc_cat=104&_nc_ohc=Z9lw8hxT4kAQ7kNvgHDq0lp&edm=AA0rjkIBAAAA&ccb=7-5&oh=00_AYDmIUK8Ee2vquTdNuBzcOqszSTbTSuu5ksvfljBBqknSQ&oe=6663FB4E&_nc_sid=49ed71,Ep. 6 - Takeaway quotes! \nüíúüñ§üíúüñ§üíú\nTell us below: Were YOU allowed to listen to ‚Äúsecular‚Äù music when you were growing up? üëáüèæüëáüèºüëáüèøüëáüèΩüëáüèª,,
49.jpg,https://scontent-zrh1-1.cdninstagram.com/v/t51.29350-15/121054208_682496602648989_160762997058500736_n.jpg?stp=dst-jpg_e35_s1080x1080&_nc_ht=scontent-zrh1-1.cdninstagram.com&_nc_cat=109&_nc_ohc=00vJay8uvecQ7kNvgH9wfPW&edm=AA0rjkIBAAAA&ccb=7-5&oh=00_AYDvQ3dQG-xKg_2kwDas9qX5Qt_yIZVFod558AITJoQ91A&oe=6663F3C9&_nc_sid=49ed71,Episode 6 drops tomorrow 10/9 at 2 a.m. EST! This one is about sex ed and Christian music‚Äîwe can‚Äôt WAIT for you to hear it! Subscribe on @apple podcasts or @spotifypodcasts!,,"spotifypodcasts, apple"
50.jpg,https://scontent-zrh1-1.cdninstagram.com/v/t51.29350-15/121033184_391119615352074_7601190741423084231_n.jpg?stp=dst-jpg_e35&_nc_ht=scontent-zrh1-1.cdninstagram.com&_nc_cat=106&_nc_ohc=Y6_B8z1M_ywQ7kNvgHvUWcH&edm=AA0rjkIBAAAA&ccb=7-5&oh=00_AYDIPl7FR5IOzWfTxokP0NGY6Ryxdp7PRigRNKPLNVn8xw&oe=66641784&_nc_sid=49ed71,A snippet from episode 4 on camps and youth experiences in church.,,
51.jpg,https://scontent-zrh1-1.cdninstagram.com/v/t51.29350-15/118604746_351803892622568_6106946089244950344_n.jpg?stp=dst-jpg_e35&_nc_ht=scontent-zrh1-1.cdninstagram.com&_nc_cat=108&_nc_ohc=OB2b2oTFzBsQ7kNvgEV3i4D&edm=AA0rjkIBAAAA&ccb=7-5&oh=00_AYBoK473ioN6U8kgIntk998-dUhxeYeq1qWaCC-Hud4Eug&oe=665FF241&_nc_sid=49ed71,Some thoughts I had on my heart. #gaychristian #queerchristian #openchristian #christian #Jesus #christianlove #jesuslovesqueers,"jesuslovesqueers, openchristian, queerchristian, gaychristian, Jesus, christian, christianlove",
52.jpg,https://scontent-zrh1-1.cdninstagram.com/v/t51.2885-15/37368383_272757520156371_306099798040117248_n.jpg?stp=dst-jpg_e35&_nc_ht=scontent-zrh1-1.cdninstagram.com&_nc_cat=103&_nc_ohc=NmbqjFCzPoMQ7kNvgE2bd1J&edm=AA0rjkIBAAAA&ccb=7-5&oh=00_AYDvlcmqQQDhgT8UsO44WaW8V7R2hfe1NOdkx-5kqrjh7g&oe=666407D4&_nc_sid=49ed71,"The Jesus Prayer, Amplified . \nRomans 1:16 For I am not ashamed of the Good News of The Christ . \n#Christ #GoodNews #GayFaith #Christian #ChristianGays #GayXians #Gospel #OpenChristian #Faith #Hope #Love #Grace #Mercy #Redeemed #QueerFaith #Jesus #Bible #GraphicDesign #SavedByGrace","GayFaith, Gospel, Christian, Jesus, GraphicDesign, Bible, OpenChristian, SavedByGrace, Hope, Mercy, GoodNews, Christ, ChristianGays, GayXians, Grace, Love, QueerFaith, Faith, Redeemed",
53.jpg,https://scontent-zrh1-1.cdninstagram.com/v/t51.2885-15/32159893_2153122514917435_7740321697856749568_n.jpg?stp=dst-jpg_e15&_nc_ht=scontent-zrh1-1.cdninstagram.com&_nc_cat=107&_nc_ohc=gd5Ab40Hxr8Q7kNvgGH-g80&edm=AA0rjkIBAAAA&ccb=7-5&oh=00_AYByR0368oGUwK77gkL5NM1yOpNq7vVq9-9B5xtx1p0lpA&oe=66601B9B&_nc_sid=49ed71,Thought this was super awesome (till that goose started). This guy was reading his bible out loud in public. This should be seen and done more often in publicüíØ #blessed #Godisgood #biblestudy #park #public #scripture #Godsword #Jesusfreak #openchristian #christian #goose #noisygeese #rude #goodvibes #sunnyday #goodstuff,"goose, blessed, goodstuff, goodvibes, openchristian, Godisgood, scripture, christian, sunnyday, noisygeese, biblestudy, Jesusfreak, Godsword, park, rude, public",
54.jpg,https://scontent-zrh1-1.cdninstagram.com/v/t51.2885-15/14624639_1778301759088063_184917841244323840_n.jpg?stp=dst-jpg_e35&_nc_ht=scontent-zrh1-1.cdninstagram.com&_nc_cat=107&_nc_ohc=etsYDyJDpVMQ7kNvgGDB3Sd&edm=AA0rjkIBAAAA&ccb=7-5&oh=00_AYDQahrEOfv6EoWRPtcFc2vXaSpFB3SP6l6HWHrC9AhrDA&oe=6663FD00&_nc_sid=49ed71,"Please welcome our second guest writer @micdropbotima as he talks about why he thinks Christian colleges should accept everyone, even queer Christians. Link in the bio üåà\nSpecial thanks to @trimcoast for letting us use your image! Check out her IG'\n.\n.\n.\n.\n#thoughtsicle #blog #biola #christian #christiancollege #biolauniversity #queerchristian #lgbtq #queer #jesus #bible #christianity #openchristian #love #acceptance #senatebill1146 #college #church #sexuality #religion #socialjustice #affirming #nonaffirming #sb1146","bible, christian, college, jesus, thoughtsicle, christiancollege, openchristian, nonaffirming, blog, socialjustice, biola, affirming, lgbtq, religion, queerchristian, church, senatebill1146, sb1146, queer, acceptance, biolauniversity, love, christianity, sexuality","micdropbotima, trimcoast"
55.jpg,https://scontent-zrh1-1.cdninstagram.com/v/t51.2885-15/10401845_1441105232805905_326221036_n.jpg?stp=dst-jpg_e15&_nc_ht=scontent-zrh1-1.cdninstagram.com&_nc_cat=105&_nc_ohc=4ZpsGm6NqsEQ7kNvgERg0L0&edm=AA0rjkIBAAAA&ccb=7-5&oh=00_AYA8PykgFmSACZfh8TXIacACRavWVDuJythtEmuJUoELYQ&oe=6663F7F4&_nc_sid=49ed71,Romans 1:16 For I am not ashamed of the Good News of The Christ\n#Christ #GoodNews #GayFaith #Christian #ChristianGays #Gospel #OpenChristian #Grace #Mercy #Redeemed #QueerFaith #Jesus #Bible #GraphicDesign,"OpenChristian, GraphicDesign, GayFaith, Mercy, Gospel, Christian, Jesus, GoodNews, Christ, ChristianGays, Grace, QueerFaith, Bible, Redeemed",
